<?xml version="1.0" encoding="UTF-8"?>
<metadata xml:lang="de"><Esri><CreaDate>20200417</CreaDate><CreaTime>11075700</CreaTime><ArcGISFormat>1.0</ArcGISFormat><SyncOnce>TRUE</SyncOnce><DataProperties><itemProps><itemLocation><linkage Sync="TRUE">file://\\MINERVA\D$\09_science_TU\03_Mathias_Liseth\01_data\05_TDIP_2019\03_shp\TDIP</linkage><protocol Sync="TRUE">Local Area Network</protocol></itemLocation></itemProps><copyHistory><copy source="D:\09_science_TU\03_Mathias_Liseth\01_data\05_TDIP_2019\TDIP" dest="\\MINERVA\D$\09_science_TU\03_Mathias_Liseth\01_data\05_TDIP_2019\03_shp\TDIP" date="20200417" time="11075700"></copy></copyHistory></DataProperties></Esri></metadata>
