<?xml version="1.0" encoding="UTF-8"?>
<metadata xml:lang="de"><Esri><CreaDate>20200417</CreaDate><CreaTime>06444000</CreaTime><ArcGISFormat>1.0</ArcGISFormat><SyncOnce>TRUE</SyncOnce><DataProperties><itemProps><itemLocation><linkage Sync="TRUE">file://\\MINERVA\D$\09_science_TU\03_Mathias_Liseth\01_data\03_SBP_2018\SBP_tracks\SBP_Metzabok\newshp\Metzabok\SBP_L6_NS</linkage><protocol Sync="TRUE">Local Area Network</protocol></itemLocation></itemProps><copyHistory><copy source="D:\09_science_TU\03_Mathias_Liseth\01_data\03_SBP_2018\SBP_tracks\SBP_Metzabok\newshp\SBP_L6_NS" dest="\\MINERVA\D$\09_science_TU\03_Mathias_Liseth\01_data\03_SBP_2018\SBP_tracks\SBP_Metzabok\newshp\Metzabok\SBP_L6_NS" date="20200417" time="06444000"></copy></copyHistory></DataProperties></Esri></metadata>
